-- Mariner service inventory, certificate facts, and captured
-- curl/httpie probe evidence. Loaded into H2 at image build time.

DROP TABLE IF EXISTS probes;
DROP TABLE IF EXISTS certificates;
DROP TABLE IF EXISTS services;

CREATE TABLE services (
    service_id   VARCHAR(16) PRIMARY KEY,
    name         VARCHAR(64)  NOT NULL,
    environment  VARCHAR(16)  NOT NULL,
    owner        VARCHAR(64)  NOT NULL,
    endpoint     VARCHAR(160) NOT NULL
);

CREATE TABLE certificates (
    service_id   VARCHAR(16) PRIMARY KEY,
    fingerprint  VARCHAR(128) NOT NULL,
    not_after    DATE         NOT NULL,
    key_algo     VARCHAR(8)   NOT NULL,
    key_bits     INT          NOT NULL,
    issuer       VARCHAR(64)  NOT NULL,
    CONSTRAINT fk_cert_service FOREIGN KEY (service_id) REFERENCES services(service_id)
);

CREATE TABLE probes (
    probe_id             INT AUTO_INCREMENT PRIMARY KEY,
    service_id           VARCHAR(16)  NOT NULL,
    tool                 VARCHAR(16)  NOT NULL,
    tls_version          VARCHAR(8)   NOT NULL,
    verify_ok            BOOLEAN      NOT NULL,
    mtls_required        BOOLEAN      NOT NULL,
    mtls_presented       BOOLEAN      NOT NULL,
    chain_valid          BOOLEAN      NOT NULL,
    http_status          INT          NOT NULL,
    observed_fingerprint VARCHAR(128) NOT NULL,
    captured_at          TIMESTAMP    NOT NULL,
    CONSTRAINT fk_probe_service FOREIGN KEY (service_id) REFERENCES services(service_id)
);

INSERT INTO services (service_id, name, environment, owner, endpoint) VALUES ('svc-001', 'mariner-edge-gateway', 'prod', 'team-edge', 'https://edge-gateway.prod.mariner.internal');
INSERT INTO services (service_id, name, environment, owner, endpoint) VALUES ('svc-002', 'mariner-auth-broker', 'staging', 'team-identity', 'https://auth-broker.staging.mariner.internal');
INSERT INTO services (service_id, name, environment, owner, endpoint) VALUES ('svc-003', 'mariner-billing-api', 'prod', 'team-billing', 'https://billing-api.prod.mariner.internal');
INSERT INTO services (service_id, name, environment, owner, endpoint) VALUES ('svc-004', 'mariner-fulfillment', 'prod', 'team-logistics', 'https://fulfillment.prod.mariner.internal');
INSERT INTO services (service_id, name, environment, owner, endpoint) VALUES ('svc-005', 'mariner-telemetry', 'prod', 'team-observability', 'https://telemetry.prod.mariner.internal');
INSERT INTO services (service_id, name, environment, owner, endpoint) VALUES ('svc-006', 'mariner-config-service', 'prod', 'team-platform', 'https://config-service.prod.mariner.internal');
INSERT INTO services (service_id, name, environment, owner, endpoint) VALUES ('svc-007', 'mariner-search-index', 'prod', 'team-search', 'https://search-index.prod.mariner.internal');
INSERT INTO services (service_id, name, environment, owner, endpoint) VALUES ('svc-008', 'mariner-dev-sandbox', 'dev', 'team-devx', 'https://dev-sandbox.dev.mariner.internal');
INSERT INTO services (service_id, name, environment, owner, endpoint) VALUES ('svc-009', 'mariner-payments-gw', 'prod', 'team-payments', 'https://payments-gw.prod.mariner.internal');
INSERT INTO services (service_id, name, environment, owner, endpoint) VALUES ('svc-010', 'mariner-partner-api', 'prod', 'team-partners', 'https://partner-api.prod.mariner.internal');
INSERT INTO services (service_id, name, environment, owner, endpoint) VALUES ('svc-011', 'mariner-audit-log', 'prod', 'team-security', 'https://audit-log.prod.mariner.internal');
INSERT INTO services (service_id, name, environment, owner, endpoint) VALUES ('svc-012', 'mariner-notifications', 'prod', 'team-messaging', 'https://notifications.prod.mariner.internal');
INSERT INTO services (service_id, name, environment, owner, endpoint) VALUES ('svc-013', 'mariner-staging-portal', 'staging', 'team-web', 'https://staging-portal.staging.mariner.internal');
INSERT INTO services (service_id, name, environment, owner, endpoint) VALUES ('svc-014', 'mariner-reporting', 'prod', 'team-analytics', 'https://reporting.prod.mariner.internal');
INSERT INTO services (service_id, name, environment, owner, endpoint) VALUES ('svc-015', 'mariner-legacy-soap', 'prod', 'team-integrations', 'https://legacy-soap.prod.mariner.internal');
INSERT INTO services (service_id, name, environment, owner, endpoint) VALUES ('svc-016', 'mariner-iot-bridge', 'dev', 'team-iot', 'https://iot-bridge.dev.mariner.internal');
INSERT INTO services (service_id, name, environment, owner, endpoint) VALUES ('svc-017', 'mariner-cdn-origin', 'prod', 'team-edge', 'https://cdn-origin.prod.mariner.internal');
INSERT INTO services (service_id, name, environment, owner, endpoint) VALUES ('svc-018', 'mariner-docs-site', 'staging', 'team-docs', 'https://docs-site.staging.mariner.internal');
INSERT INTO services (service_id, name, environment, owner, endpoint) VALUES ('svc-019', 'mariner-grpc-mesh', 'prod', 'team-platform', 'https://grpc-mesh.prod.mariner.internal');
INSERT INTO services (service_id, name, environment, owner, endpoint) VALUES ('svc-020', 'mariner-webhook-relay', 'prod', 'team-integrations', 'https://webhook-relay.prod.mariner.internal');
INSERT INTO services (service_id, name, environment, owner, endpoint) VALUES ('svc-021', 'mariner-ml-gateway', 'prod', 'team-ml', 'https://ml-gateway.prod.mariner.internal');
INSERT INTO services (service_id, name, environment, owner, endpoint) VALUES ('svc-022', 'mariner-vault-proxy', 'prod', 'team-security', 'https://vault-proxy.prod.mariner.internal');
INSERT INTO services (service_id, name, environment, owner, endpoint) VALUES ('svc-023', 'mariner-status-page', 'prod', 'team-sre', 'https://status-page.prod.mariner.internal');
INSERT INTO services (service_id, name, environment, owner, endpoint) VALUES ('svc-024', 'mariner-feature-flags', 'staging', 'team-platform', 'https://feature-flags.staging.mariner.internal');
INSERT INTO services (service_id, name, environment, owner, endpoint) VALUES ('svc-025', 'mariner-batch-scheduler', 'prod', 'team-batch', 'https://batch-scheduler.prod.mariner.internal');
INSERT INTO services (service_id, name, environment, owner, endpoint) VALUES ('svc-026', 'mariner-export-gateway', 'prod', 'team-data', 'https://export-gateway.prod.mariner.internal');
INSERT INTO services (service_id, name, environment, owner, endpoint) VALUES ('svc-027', 'mariner-archive-store', 'prod', 'team-storage', 'https://archive-store.prod.mariner.internal');
INSERT INTO services (service_id, name, environment, owner, endpoint) VALUES ('svc-028', 'mariner-quota-service', 'prod', 'team-platform', 'https://quota-service.prod.mariner.internal');
INSERT INTO services (service_id, name, environment, owner, endpoint) VALUES ('svc-029', 'mariner-rate-limiter', 'prod', 'team-edge', 'https://rate-limiter.prod.mariner.internal');
INSERT INTO services (service_id, name, environment, owner, endpoint) VALUES ('svc-030', 'mariner-session-store', 'prod', 'team-identity', 'https://session-store.prod.mariner.internal');
INSERT INTO services (service_id, name, environment, owner, endpoint) VALUES ('svc-031', 'mariner-pref-service', 'prod', 'team-platform', 'https://pref-service.prod.mariner.internal');
INSERT INTO services (service_id, name, environment, owner, endpoint) VALUES ('svc-032', 'mariner-trace-collector', 'prod', 'team-observability', 'https://trace-collector.prod.mariner.internal');
INSERT INTO services (service_id, name, environment, owner, endpoint) VALUES ('svc-033', 'mariner-preview-portal', 'staging', 'team-web', 'https://preview-portal.staging.mariner.internal');

INSERT INTO certificates (service_id, fingerprint, not_after, key_algo, key_bits, issuer) VALUES ('svc-001', 'ED:43:3C:9A:CC:BD:2F:46:ED:7D:FF:1E:AE:88:37:B0:FD:12:56:9E:A6:C5:FB:E1:CF:E4:79:AA:E4:51:F9:4C', DATE '2026-11-20', 'RSA', 2048, 'Mariner Internal CA G2');
INSERT INTO certificates (service_id, fingerprint, not_after, key_algo, key_bits, issuer) VALUES ('svc-002', 'CD:69:E3:FB:48:71:75:79:E1:48:B7:0A:DD:8F:21:79:21:67:55:6E:32:BF:03:47:2B:91:BB:E4:E4:CA:88:B8', DATE '2027-01-10', 'RSA', 2048, 'Mariner Internal CA G2');
INSERT INTO certificates (service_id, fingerprint, not_after, key_algo, key_bits, issuer) VALUES ('svc-003', '0E:82:15:9D:B3:A1:F1:0B:11:9E:78:E9:F5:BA:8A:3D:4C:AD:B0:25:74:AA:64:EC:05:E0:11:14:32:27:09:6A', DATE '2026-12-05', 'RSA', 2048, 'Mariner Public CA R3');
INSERT INTO certificates (service_id, fingerprint, not_after, key_algo, key_bits, issuer) VALUES ('svc-004', '79:9C:C8:7F:5C:F9:77:3D:4B:E1:90:1E:F4:8D:12:02:76:DA:0C:51:6C:75:67:B8:44:C6:8E:AA:2E:5B:D2:E1', DATE '2026-10-30', 'EC', 256, 'Mariner Internal CA G2');
INSERT INTO certificates (service_id, fingerprint, not_after, key_algo, key_bits, issuer) VALUES ('svc-005', 'E3:EE:9D:66:7E:8A:38:3D:0D:EB:66:AC:FC:A4:EB:1F:18:AA:95:1C:85:7B:F4:20:22:B7:1C:BB:72:0B:57:24', DATE '2026-11-01', 'RSA', 4096, 'DigiCert Global G3');
INSERT INTO certificates (service_id, fingerprint, not_after, key_algo, key_bits, issuer) VALUES ('svc-006', '2F:7C:87:17:B2:C2:C9:EA:67:2E:3D:63:91:8F:DB:25:4B:F1:F5:28:29:DC:ED:AE:25:D5:1A:51:BB:26:26:E4', DATE '2026-12-20', 'RSA', 2048, 'Mariner Internal CA G2');
INSERT INTO certificates (service_id, fingerprint, not_after, key_algo, key_bits, issuer) VALUES ('svc-007', '56:1A:A8:BD:10:83:BB:B6:70:A8:FD:D9:52:C9:6D:8C:A9:CE:42:78:29:8D:19:17:5C:4D:37:43:AA:7E:29:FD', DATE '2027-02-01', 'RSA', 2048, 'Mariner Public CA R3');
INSERT INTO certificates (service_id, fingerprint, not_after, key_algo, key_bits, issuer) VALUES ('svc-008', '8D:EF:0F:D6:13:9A:08:BD:87:97:87:C0:A4:30:94:62:6F:A0:E9:75:30:46:32:B4:81:B7:1B:8C:AB:86:28:53', DATE '2027-03-01', 'RSA', 2048, 'Mariner Internal CA G2');
INSERT INTO certificates (service_id, fingerprint, not_after, key_algo, key_bits, issuer) VALUES ('svc-009', '1F:DB:4A:C1:0F:11:1A:E5:20:47:E0:7E:65:10:C8:68:22:DC:9D:17:59:C7:23:A9:FE:0D:D7:8B:FB:E9:6F:56', DATE '2026-11-15', 'EC', 384, 'DigiCert Global G3');
INSERT INTO certificates (service_id, fingerprint, not_after, key_algo, key_bits, issuer) VALUES ('svc-010', 'A3:3A:A8:B6:FB:FB:C7:52:5A:DD:8D:67:8D:A5:47:1E:54:D0:B6:D3:B6:92:7F:76:7F:0B:FF:0D:D9:13:99:8E', DATE '2026-12-10', 'RSA', 2048, 'Mariner Public CA R3');
INSERT INTO certificates (service_id, fingerprint, not_after, key_algo, key_bits, issuer) VALUES ('svc-011', '2F:81:2B:09:1B:AD:23:66:1A:AB:3F:AD:E1:63:30:CC:01:28:55:2C:C9:42:6C:AD:34:C7:F8:34:EA:DF:73:DA', DATE '2026-11-25', 'RSA', 2048, 'Mariner Internal CA G2');
INSERT INTO certificates (service_id, fingerprint, not_after, key_algo, key_bits, issuer) VALUES ('svc-012', '67:4F:3D:37:82:F6:FD:DD:03:5D:41:59:53:B9:41:02:1F:67:C9:99:A9:85:90:C6:AA:D1:A8:C2:64:0A:96:AE', DATE '2026-06-20', 'RSA', 2048, 'Mariner Internal CA G2');
INSERT INTO certificates (service_id, fingerprint, not_after, key_algo, key_bits, issuer) VALUES ('svc-013', '95:59:EB:51:BF:D7:DC:3E:59:DA:22:96:23:B6:D2:BF:93:4F:CE:7A:38:68:5C:BF:E4:99:D9:30:CC:48:C4:DC', DATE '2026-07-10', 'EC', 256, 'Mariner Public CA R3');
INSERT INTO certificates (service_id, fingerprint, not_after, key_algo, key_bits, issuer) VALUES ('svc-014', '77:27:51:55:EE:F8:C8:9E:98:AE:DA:92:F7:F1:2C:BD:A3:4A:63:F1:C7:DD:73:39:7C:FF:A2:FE:88:74:76:1E', DATE '2026-06-30', 'RSA', 2048, 'DigiCert Global G3');
INSERT INTO certificates (service_id, fingerprint, not_after, key_algo, key_bits, issuer) VALUES ('svc-015', '74:B8:4D:74:2D:C6:70:B3:46:68:CF:5D:13:F0:65:1A:FB:98:9D:92:8E:F0:29:42:0A:53:24:2D:1E:42:71:7E', DATE '2026-12-31', 'RSA', 1024, 'Mariner Internal CA G2');
INSERT INTO certificates (service_id, fingerprint, not_after, key_algo, key_bits, issuer) VALUES ('svc-016', 'C0:0E:DF:8E:F0:35:DB:6F:31:7F:69:09:2F:39:CE:5A:0B:26:DD:BE:99:2C:8D:46:69:76:A2:12:99:23:28:C8', DATE '2027-01-15', 'RSA', 1024, 'Mariner Internal CA G2');
INSERT INTO certificates (service_id, fingerprint, not_after, key_algo, key_bits, issuer) VALUES ('svc-017', '4A:89:67:99:2E:72:C6:AE:4C:A2:73:D6:49:48:36:DC:AD:C7:4F:FE:F9:2E:CB:AC:E2:CC:05:80:C8:FD:21:E0', DATE '2026-11-05', 'RSA', 2048, 'Sectigo RSA DV');
INSERT INTO certificates (service_id, fingerprint, not_after, key_algo, key_bits, issuer) VALUES ('svc-018', '15:32:12:A8:7B:BD:28:CB:3F:24:1F:67:05:61:D6:2B:BA:D1:80:69:68:20:60:EC:00:AD:A9:5D:81:B6:61:43', DATE '2026-10-20', 'EC', 256, 'Sectigo RSA DV');
INSERT INTO certificates (service_id, fingerprint, not_after, key_algo, key_bits, issuer) VALUES ('svc-019', '6B:9B:32:D3:5C:14:08:D0:AA:D0:67:5B:0B:05:8B:C4:82:63:8F:BC:22:51:F9:9F:24:10:61:2D:11:E4:D7:DF', DATE '2026-12-15', 'RSA', 2048, 'Mariner Internal CA G2');
INSERT INTO certificates (service_id, fingerprint, not_after, key_algo, key_bits, issuer) VALUES ('svc-020', '09:3F:9D:6E:91:F0:F8:88:52:7E:36:6E:3F:1C:E8:93:0D:13:5E:FB:38:00:77:83:72:FF:18:B2:E2:6C:DD:74', DATE '2026-11-30', 'EC', 256, 'Mariner Public CA R3');
INSERT INTO certificates (service_id, fingerprint, not_after, key_algo, key_bits, issuer) VALUES ('svc-021', 'A3:D4:9E:4A:D0:C6:78:18:B8:C0:30:35:8E:02:E5:5B:2D:BB:FB:CE:99:8A:8B:9D:2D:D9:31:0A:B4:26:66:8C', DATE '2027-01-20', 'RSA', 2048, 'DigiCert Global G3');
INSERT INTO certificates (service_id, fingerprint, not_after, key_algo, key_bits, issuer) VALUES ('svc-022', 'FA:F9:F8:EC:68:73:88:D3:C3:D3:7D:65:C2:9C:17:60:47:8F:CE:21:FD:4F:66:BA:CA:99:2D:5A:21:C7:C9:BA', DATE '2027-02-28', 'EC', 384, 'Mariner Internal CA G2');
INSERT INTO certificates (service_id, fingerprint, not_after, key_algo, key_bits, issuer) VALUES ('svc-023', '19:54:8A:C3:C3:28:08:38:31:EB:26:F1:32:CD:C7:B4:7E:16:97:F1:0B:37:31:BA:21:09:93:3B:6C:AC:06:AC', DATE '2026-12-01', 'RSA', 2048, 'Mariner Public CA R3');
INSERT INTO certificates (service_id, fingerprint, not_after, key_algo, key_bits, issuer) VALUES ('svc-024', '02:11:A3:CC:CC:9F:6D:74:E8:F6:4E:66:E2:00:F2:C3:3F:28:2D:F7:79:C7:AA:6A:72:B2:90:34:0B:24:F2:4A', DATE '2027-03-15', 'EC', 256, 'Mariner Internal CA G2');
INSERT INTO certificates (service_id, fingerprint, not_after, key_algo, key_bits, issuer) VALUES ('svc-025', '6D:9D:D9:BC:B6:94:3E:0E:E7:70:AA:C1:25:EE:26:07:94:09:BF:CA:6E:92:4D:A8:1C:8C:C7:C6:98:D8:EF:4D', DATE '2027-01-10', 'RSA', 1024, 'Mariner Internal CA G2');
INSERT INTO certificates (service_id, fingerprint, not_after, key_algo, key_bits, issuer) VALUES ('svc-026', '3D:E4:0D:40:2E:EF:44:E1:8E:76:D4:74:9B:52:D0:0E:81:8E:78:9A:70:12:FE:E9:FE:B9:50:BF:15:DD:BC:EA', DATE '2026-06-25', 'EC', 256, 'Mariner Internal CA G2');
INSERT INTO certificates (service_id, fingerprint, not_after, key_algo, key_bits, issuer) VALUES ('svc-027', '90:5C:61:A7:E4:D4:24:1B:62:6E:65:AC:D9:49:11:45:C0:BA:44:6F:EC:A6:DC:61:DF:35:56:15:B3:61:8F:3E', DATE '2027-02-01', 'RSA', 2048, 'Sectigo RSA DV');
INSERT INTO certificates (service_id, fingerprint, not_after, key_algo, key_bits, issuer) VALUES ('svc-028', 'DC:DA:39:26:2E:24:73:A7:41:1F:72:FD:56:4F:E7:BB:65:D8:88:C4:47:AF:38:9C:42:C4:34:3B:C0:C4:43:70', DATE '2027-03-01', 'RSA', 2048, 'Mariner Internal CA G2');
INSERT INTO certificates (service_id, fingerprint, not_after, key_algo, key_bits, issuer) VALUES ('svc-029', '95:BF:BB:3E:13:95:CD:D5:78:F9:72:65:77:9D:C7:59:5B:56:9A:8A:3A:AD:9A:7C:75:2C:08:16:29:60:0F:89', DATE '2027-01-15', 'RSA', 2048, 'Mariner Public CA R3');
INSERT INTO certificates (service_id, fingerprint, not_after, key_algo, key_bits, issuer) VALUES ('svc-030', 'A6:88:03:88:01:51:B8:B9:FF:C5:52:64:9B:FD:0F:2A:55:14:17:0E:BB:DC:57:DE:17:14:10:1E:51:EE:DD:D5', DATE '2027-02-01', 'RSA', 1024, 'Mariner Internal CA G2');
INSERT INTO certificates (service_id, fingerprint, not_after, key_algo, key_bits, issuer) VALUES ('svc-031', '32:9F:60:D5:46:80:A3:A2:3E:40:B0:83:92:21:E9:DF:76:A5:B4:71:E2:C0:18:E2:28:D2:63:E5:B6:4B:35:1B', DATE '2027-03-15', 'RSA', 2048, 'Mariner Internal CA G2');
INSERT INTO certificates (service_id, fingerprint, not_after, key_algo, key_bits, issuer) VALUES ('svc-032', 'D3:82:9B:9A:D8:70:67:68:C9:2F:F8:41:84:00:26:3C:0E:7D:27:C0:08:33:40:C3:FC:56:11:B1:AC:AB:34:78', DATE '2027-01-20', 'RSA', 2048, 'Mariner Internal CA G2');
INSERT INTO certificates (service_id, fingerprint, not_after, key_algo, key_bits, issuer) VALUES ('svc-033', '09:15:23:7B:46:6E:3F:76:48:53:49:8D:36:A2:1C:E9:24:4F:DF:9C:A4:E0:6E:80:FC:E0:28:E0:56:A8:8D:92', DATE '2027-02-28', 'EC', 256, 'Mariner Internal CA G2');

INSERT INTO probes (service_id, tool, tls_version, verify_ok, mtls_required, mtls_presented, chain_valid, http_status, observed_fingerprint, captured_at) VALUES ('svc-001', 'httpie', 'TLS1.1', FALSE, TRUE, FALSE, FALSE, 526, '62:44:7B:F0:AC:9B:93:83:74:83:F3:58:58:DB:A5:91:C7:B8:71:37:35:68:E4:DE:C8:DD:D6:6C:55:F0:3C:A6', TIMESTAMP '2026-05-04 08:30:00');
INSERT INTO probes (service_id, tool, tls_version, verify_ok, mtls_required, mtls_presented, chain_valid, http_status, observed_fingerprint, captured_at) VALUES ('svc-001', 'curl', 'TLS1.1', FALSE, TRUE, FALSE, FALSE, 526, 'E0:58:5D:3E:63:11:B3:57:02:1C:64:7F:B6:AC:00:43:2C:E8:EE:9B:DF:59:D0:41:18:1D:0F:D8:13:94:FC:90', TIMESTAMP '2026-05-11 08:30:00');
INSERT INTO probes (service_id, tool, tls_version, verify_ok, mtls_required, mtls_presented, chain_valid, http_status, observed_fingerprint, captured_at) VALUES ('svc-001', 'curl', 'TLS1.3', FALSE, TRUE, TRUE, TRUE, 200, 'CF:66:9E:7C:4E:15:FA:91:34:8E:C0:E0:91:22:7F:AD:D7:7F:72:CE:D2:BE:7F:93:9D:FE:6A:F2:88:79:9F:42', TIMESTAMP '2026-05-21 15:45:00');
INSERT INTO probes (service_id, tool, tls_version, verify_ok, mtls_required, mtls_presented, chain_valid, http_status, observed_fingerprint, captured_at) VALUES ('svc-002', 'httpie', 'TLS1.2', FALSE, FALSE, FALSE, TRUE, 200, 'AC:93:F9:A7:E6:F2:64:5C:4C:66:54:39:60:9C:15:83:19:52:4D:A7:65:C4:ED:6A:37:3D:32:10:3E:42:38:C6', TIMESTAMP '2026-05-22 15:45:00');
INSERT INTO probes (service_id, tool, tls_version, verify_ok, mtls_required, mtls_presented, chain_valid, http_status, observed_fingerprint, captured_at) VALUES ('svc-002', 'curl', 'TLS1.1', FALSE, FALSE, TRUE, FALSE, 526, '34:B4:59:AD:DC:33:73:49:07:3E:B2:D8:CE:A8:26:C8:A2:E7:4C:48:26:4E:0C:D7:D7:3F:6C:47:F1:62:BB:B2', TIMESTAMP '2026-05-04 08:30:00');
INSERT INTO probes (service_id, tool, tls_version, verify_ok, mtls_required, mtls_presented, chain_valid, http_status, observed_fingerprint, captured_at) VALUES ('svc-003', 'httpie', 'TLS1.1', FALSE, TRUE, FALSE, FALSE, 526, 'F9:B3:FF:5E:0D:3E:22:09:51:EE:E8:71:7B:FF:EB:A5:E1:C2:4E:77:16:B2:10:C6:0E:50:C5:27:8C:5E:09:5A', TIMESTAMP '2026-05-04 08:30:00');
INSERT INTO probes (service_id, tool, tls_version, verify_ok, mtls_required, mtls_presented, chain_valid, http_status, observed_fingerprint, captured_at) VALUES ('svc-003', 'curl', 'TLS1.1', FALSE, TRUE, FALSE, FALSE, 526, 'B0:F3:B9:A0:55:D9:EC:DB:65:45:47:74:C1:F6:02:C4:60:1A:A3:09:AD:A9:B9:A6:96:99:57:00:A1:05:06:6A', TIMESTAMP '2026-05-11 08:30:00');
INSERT INTO probes (service_id, tool, tls_version, verify_ok, mtls_required, mtls_presented, chain_valid, http_status, observed_fingerprint, captured_at) VALUES ('svc-003', 'curl', 'TLS1.0', FALSE, TRUE, TRUE, TRUE, 200, '0E:82:15:9D:B3:A1:F1:0B:11:9E:78:E9:F5:BA:8A:3D:4C:AD:B0:25:74:AA:64:EC:05:E0:11:14:32:27:09:6A', TIMESTAMP '2026-05-23 15:45:00');
INSERT INTO probes (service_id, tool, tls_version, verify_ok, mtls_required, mtls_presented, chain_valid, http_status, observed_fingerprint, captured_at) VALUES ('svc-004', 'httpie', 'TLS1.2', TRUE, TRUE, FALSE, TRUE, 200, '79:9C:C8:7F:5C:F9:77:3D:4B:E1:90:1E:F4:8D:12:02:76:DA:0C:51:6C:75:67:B8:44:C6:8E:AA:2E:5B:D2:E1', TIMESTAMP '2026-05-24 15:45:00');
INSERT INTO probes (service_id, tool, tls_version, verify_ok, mtls_required, mtls_presented, chain_valid, http_status, observed_fingerprint, captured_at) VALUES ('svc-004', 'curl', 'TLS1.1', FALSE, TRUE, TRUE, FALSE, 526, 'D2:45:58:DF:0B:0D:39:5B:11:6C:11:5D:BF:72:38:6F:AC:05:18:DA:75:83:2C:CE:42:1D:CF:C0:C7:10:D6:FC', TIMESTAMP '2026-05-04 08:30:00');
INSERT INTO probes (service_id, tool, tls_version, verify_ok, mtls_required, mtls_presented, chain_valid, http_status, observed_fingerprint, captured_at) VALUES ('svc-005', 'httpie', 'TLS1.1', FALSE, TRUE, FALSE, TRUE, 526, 'AA:5C:E5:5A:C4:44:5A:F0:E9:D7:E1:4A:C7:4C:FC:51:08:86:6F:E9:3E:97:4D:05:84:69:57:B0:58:51:4B:BE', TIMESTAMP '2026-05-04 08:30:00');
INSERT INTO probes (service_id, tool, tls_version, verify_ok, mtls_required, mtls_presented, chain_valid, http_status, observed_fingerprint, captured_at) VALUES ('svc-005', 'curl', 'TLS1.1', FALSE, TRUE, FALSE, TRUE, 526, '41:C6:D8:FC:2A:C0:AF:0E:E1:29:52:87:97:46:09:2F:D1:A1:23:9F:BD:50:84:95:87:8A:77:E1:D7:AB:CB:4C', TIMESTAMP '2026-05-11 08:30:00');
INSERT INTO probes (service_id, tool, tls_version, verify_ok, mtls_required, mtls_presented, chain_valid, http_status, observed_fingerprint, captured_at) VALUES ('svc-005', 'curl', 'TLS1.2', FALSE, TRUE, TRUE, FALSE, 200, 'E3:EE:9D:66:7E:8A:38:3D:0D:EB:66:AC:FC:A4:EB:1F:18:AA:95:1C:85:7B:F4:20:22:B7:1C:BB:72:0B:57:24', TIMESTAMP '2026-05-25 15:45:00');
INSERT INTO probes (service_id, tool, tls_version, verify_ok, mtls_required, mtls_presented, chain_valid, http_status, observed_fingerprint, captured_at) VALUES ('svc-006', 'httpie', 'TLS1.0', FALSE, TRUE, TRUE, TRUE, 200, '2F:7C:87:17:B2:C2:C9:EA:67:2E:3D:63:91:8F:DB:25:4B:F1:F5:28:29:DC:ED:AE:25:D5:1A:51:BB:26:26:E4', TIMESTAMP '2026-05-26 15:45:00');
INSERT INTO probes (service_id, tool, tls_version, verify_ok, mtls_required, mtls_presented, chain_valid, http_status, observed_fingerprint, captured_at) VALUES ('svc-006', 'curl', 'TLS1.1', FALSE, TRUE, FALSE, FALSE, 526, 'B7:B9:28:AF:38:F3:11:1A:AB:43:6A:0D:68:1C:DF:72:83:53:42:6D:3B:BB:F6:39:1F:3E:10:76:52:D5:F8:B8', TIMESTAMP '2026-05-04 08:30:00');
INSERT INTO probes (service_id, tool, tls_version, verify_ok, mtls_required, mtls_presented, chain_valid, http_status, observed_fingerprint, captured_at) VALUES ('svc-007', 'httpie', 'TLS1.1', FALSE, TRUE, FALSE, FALSE, 526, 'EA:B7:BF:D5:C6:04:F6:98:A5:59:DE:D3:D0:FF:C1:6C:8D:E4:EF:EE:A0:F3:06:4F:F7:80:B0:14:57:06:DF:06', TIMESTAMP '2026-05-04 08:30:00');
INSERT INTO probes (service_id, tool, tls_version, verify_ok, mtls_required, mtls_presented, chain_valid, http_status, observed_fingerprint, captured_at) VALUES ('svc-007', 'curl', 'TLS1.1', FALSE, TRUE, FALSE, FALSE, 526, '38:38:67:30:37:52:B2:86:2B:A6:A9:42:26:7B:8D:E2:BB:E2:E5:56:7F:2F:30:7E:F3:2B:5F:A1:6C:EF:81:FE', TIMESTAMP '2026-05-11 08:30:00');
INSERT INTO probes (service_id, tool, tls_version, verify_ok, mtls_required, mtls_presented, chain_valid, http_status, observed_fingerprint, captured_at) VALUES ('svc-007', 'curl', 'TLS1.0', FALSE, TRUE, TRUE, TRUE, 200, '56:1A:A8:BD:10:83:BB:B6:70:A8:FD:D9:52:C9:6D:8C:A9:CE:42:78:29:8D:19:17:5C:4D:37:43:AA:7E:29:FD', TIMESTAMP '2026-05-27 15:45:00');
INSERT INTO probes (service_id, tool, tls_version, verify_ok, mtls_required, mtls_presented, chain_valid, http_status, observed_fingerprint, captured_at) VALUES ('svc-008', 'httpie', 'TLS1.0', FALSE, FALSE, FALSE, TRUE, 200, '8D:EF:0F:D6:13:9A:08:BD:87:97:87:C0:A4:30:94:62:6F:A0:E9:75:30:46:32:B4:81:B7:1B:8C:AB:86:28:53', TIMESTAMP '2026-05-28 15:45:00');
INSERT INTO probes (service_id, tool, tls_version, verify_ok, mtls_required, mtls_presented, chain_valid, http_status, observed_fingerprint, captured_at) VALUES ('svc-008', 'curl', 'TLS1.1', FALSE, FALSE, TRUE, FALSE, 526, 'EE:C9:66:C4:31:0C:A2:ED:8E:D9:E9:4C:6A:C5:1D:FA:97:AB:56:A6:CA:63:5F:A6:50:34:6C:6A:4D:8D:69:EA', TIMESTAMP '2026-05-04 08:30:00');
INSERT INTO probes (service_id, tool, tls_version, verify_ok, mtls_required, mtls_presented, chain_valid, http_status, observed_fingerprint, captured_at) VALUES ('svc-009', 'httpie', 'TLS1.1', FALSE, TRUE, TRUE, FALSE, 526, 'EB:1D:0C:6D:3C:88:D5:31:81:E3:89:BA:03:AE:CB:4F:8C:33:C9:D8:3C:7D:89:D6:6E:76:67:8A:7F:24:AF:D5', TIMESTAMP '2026-05-04 08:30:00');
INSERT INTO probes (service_id, tool, tls_version, verify_ok, mtls_required, mtls_presented, chain_valid, http_status, observed_fingerprint, captured_at) VALUES ('svc-009', 'curl', 'TLS1.1', FALSE, TRUE, TRUE, FALSE, 526, 'A8:E0:F6:C9:3A:6A:1B:E2:A3:4C:41:EB:31:58:BE:AD:0E:86:80:7C:48:16:EF:92:EE:8F:9A:CC:D2:BF:C3:6F', TIMESTAMP '2026-05-11 08:30:00');
INSERT INTO probes (service_id, tool, tls_version, verify_ok, mtls_required, mtls_presented, chain_valid, http_status, observed_fingerprint, captured_at) VALUES ('svc-009', 'curl', 'TLS1.3', TRUE, TRUE, FALSE, TRUE, 200, '1F:DB:4A:C1:0F:11:1A:E5:20:47:E0:7E:65:10:C8:68:22:DC:9D:17:59:C7:23:A9:FE:0D:D7:8B:FB:E9:6F:56', TIMESTAMP '2026-05-20 15:45:00');
INSERT INTO probes (service_id, tool, tls_version, verify_ok, mtls_required, mtls_presented, chain_valid, http_status, observed_fingerprint, captured_at) VALUES ('svc-010', 'httpie', 'TLS1.2', TRUE, TRUE, FALSE, TRUE, 200, 'A3:3A:A8:B6:FB:FB:C7:52:5A:DD:8D:67:8D:A5:47:1E:54:D0:B6:D3:B6:92:7F:76:7F:0B:FF:0D:D9:13:99:8E', TIMESTAMP '2026-05-21 15:45:00');
INSERT INTO probes (service_id, tool, tls_version, verify_ok, mtls_required, mtls_presented, chain_valid, http_status, observed_fingerprint, captured_at) VALUES ('svc-010', 'curl', 'TLS1.1', FALSE, TRUE, TRUE, FALSE, 526, '70:3F:AC:57:D2:27:1F:A3:30:41:C8:6A:89:5D:15:D0:56:94:70:52:54:81:2C:A5:FD:28:97:DE:B7:14:7A:52', TIMESTAMP '2026-05-04 08:30:00');
INSERT INTO probes (service_id, tool, tls_version, verify_ok, mtls_required, mtls_presented, chain_valid, http_status, observed_fingerprint, captured_at) VALUES ('svc-011', 'httpie', 'TLS1.1', FALSE, TRUE, FALSE, TRUE, 526, 'AD:7F:99:28:F3:31:23:0D:F3:35:1D:C4:9A:BA:B0:A5:CF:6B:AA:8F:A4:F7:94:86:98:00:98:08:91:32:A6:C0', TIMESTAMP '2026-05-04 08:30:00');
INSERT INTO probes (service_id, tool, tls_version, verify_ok, mtls_required, mtls_presented, chain_valid, http_status, observed_fingerprint, captured_at) VALUES ('svc-011', 'curl', 'TLS1.1', FALSE, TRUE, FALSE, TRUE, 526, '3E:69:3E:82:22:95:A8:B1:9D:99:9D:25:BB:E6:0D:9E:99:05:28:9A:F0:0A:42:F0:2F:C9:11:60:9F:B9:83:6C', TIMESTAMP '2026-05-11 08:30:00');
INSERT INTO probes (service_id, tool, tls_version, verify_ok, mtls_required, mtls_presented, chain_valid, http_status, observed_fingerprint, captured_at) VALUES ('svc-011', 'curl', 'TLS1.2', FALSE, TRUE, TRUE, FALSE, 200, '2F:81:2B:09:1B:AD:23:66:1A:AB:3F:AD:E1:63:30:CC:01:28:55:2C:C9:42:6C:AD:34:C7:F8:34:EA:DF:73:DA', TIMESTAMP '2026-05-22 15:45:00');
INSERT INTO probes (service_id, tool, tls_version, verify_ok, mtls_required, mtls_presented, chain_valid, http_status, observed_fingerprint, captured_at) VALUES ('svc-012', 'httpie', 'TLS1.2', TRUE, TRUE, TRUE, TRUE, 200, '67:4F:3D:37:82:F6:FD:DD:03:5D:41:59:53:B9:41:02:1F:67:C9:99:A9:85:90:C6:AA:D1:A8:C2:64:0A:96:AE', TIMESTAMP '2026-05-23 15:45:00');
INSERT INTO probes (service_id, tool, tls_version, verify_ok, mtls_required, mtls_presented, chain_valid, http_status, observed_fingerprint, captured_at) VALUES ('svc-012', 'curl', 'TLS1.1', FALSE, TRUE, FALSE, FALSE, 526, 'E6:41:C4:4D:F7:7F:8E:40:94:C7:52:E1:B0:CF:CA:8E:F5:9F:B1:E9:72:DA:D3:C4:9C:2B:30:38:76:B6:78:2C', TIMESTAMP '2026-05-04 08:30:00');
INSERT INTO probes (service_id, tool, tls_version, verify_ok, mtls_required, mtls_presented, chain_valid, http_status, observed_fingerprint, captured_at) VALUES ('svc-013', 'httpie', 'TLS1.1', FALSE, FALSE, TRUE, FALSE, 526, 'B8:C3:09:99:2F:7B:33:86:40:78:FB:B7:72:D1:25:AB:B7:24:C9:65:AD:A4:CD:88:FE:FC:8E:26:C7:C4:1B:70', TIMESTAMP '2026-05-04 08:30:00');
INSERT INTO probes (service_id, tool, tls_version, verify_ok, mtls_required, mtls_presented, chain_valid, http_status, observed_fingerprint, captured_at) VALUES ('svc-013', 'curl', 'TLS1.1', FALSE, FALSE, TRUE, FALSE, 526, '61:30:E3:0F:DB:6F:AE:8D:C3:EC:85:2F:1C:DD:BD:09:B7:A9:54:FB:0D:EB:74:6E:42:D8:01:E6:54:4A:8E:46', TIMESTAMP '2026-05-11 08:30:00');
INSERT INTO probes (service_id, tool, tls_version, verify_ok, mtls_required, mtls_presented, chain_valid, http_status, observed_fingerprint, captured_at) VALUES ('svc-013', 'curl', 'TLS1.3', TRUE, FALSE, FALSE, TRUE, 200, '95:59:EB:51:BF:D7:DC:3E:59:DA:22:96:23:B6:D2:BF:93:4F:CE:7A:38:68:5C:BF:E4:99:D9:30:CC:48:C4:DC', TIMESTAMP '2026-05-24 15:45:00');
INSERT INTO probes (service_id, tool, tls_version, verify_ok, mtls_required, mtls_presented, chain_valid, http_status, observed_fingerprint, captured_at) VALUES ('svc-014', 'httpie', 'TLS1.2', TRUE, TRUE, TRUE, TRUE, 200, '77:27:51:55:EE:F8:C8:9E:98:AE:DA:92:F7:F1:2C:BD:A3:4A:63:F1:C7:DD:73:39:7C:FF:A2:FE:88:74:76:1E', TIMESTAMP '2026-05-25 15:45:00');
INSERT INTO probes (service_id, tool, tls_version, verify_ok, mtls_required, mtls_presented, chain_valid, http_status, observed_fingerprint, captured_at) VALUES ('svc-014', 'curl', 'TLS1.1', FALSE, TRUE, FALSE, FALSE, 526, '73:E7:3F:AF:E4:DF:5F:7A:75:7F:DD:9D:29:88:C4:69:77:62:5F:5C:1C:BB:EC:A1:A3:E0:6F:24:57:B7:D9:B6', TIMESTAMP '2026-05-04 08:30:00');
INSERT INTO probes (service_id, tool, tls_version, verify_ok, mtls_required, mtls_presented, chain_valid, http_status, observed_fingerprint, captured_at) VALUES ('svc-015', 'httpie', 'TLS1.1', FALSE, TRUE, FALSE, FALSE, 526, '10:31:DC:25:F4:EF:95:5A:F7:3D:97:84:8F:F6:B1:FA:67:D5:E2:02:47:28:93:03:DF:AD:FD:8C:54:DE:D3:6E', TIMESTAMP '2026-05-04 08:30:00');
INSERT INTO probes (service_id, tool, tls_version, verify_ok, mtls_required, mtls_presented, chain_valid, http_status, observed_fingerprint, captured_at) VALUES ('svc-015', 'curl', 'TLS1.1', FALSE, TRUE, FALSE, FALSE, 526, '60:E1:D2:6A:98:5C:AF:C3:9D:B2:AD:DF:F6:F1:56:5F:69:5A:6F:D1:4D:74:98:43:9C:12:C7:88:0A:EE:91:EA', TIMESTAMP '2026-05-11 08:30:00');
INSERT INTO probes (service_id, tool, tls_version, verify_ok, mtls_required, mtls_presented, chain_valid, http_status, observed_fingerprint, captured_at) VALUES ('svc-015', 'curl', 'TLS1.2', TRUE, TRUE, TRUE, TRUE, 200, '74:B8:4D:74:2D:C6:70:B3:46:68:CF:5D:13:F0:65:1A:FB:98:9D:92:8E:F0:29:42:0A:53:24:2D:1E:42:71:7E', TIMESTAMP '2026-05-26 15:45:00');
INSERT INTO probes (service_id, tool, tls_version, verify_ok, mtls_required, mtls_presented, chain_valid, http_status, observed_fingerprint, captured_at) VALUES ('svc-016', 'httpie', 'TLS1.2', TRUE, FALSE, FALSE, TRUE, 200, 'C0:0E:DF:8E:F0:35:DB:6F:31:7F:69:09:2F:39:CE:5A:0B:26:DD:BE:99:2C:8D:46:69:76:A2:12:99:23:28:C8', TIMESTAMP '2026-05-27 15:45:00');
INSERT INTO probes (service_id, tool, tls_version, verify_ok, mtls_required, mtls_presented, chain_valid, http_status, observed_fingerprint, captured_at) VALUES ('svc-016', 'curl', 'TLS1.1', FALSE, FALSE, TRUE, FALSE, 526, 'E6:DF:77:9F:BE:76:51:18:01:61:DC:18:01:06:9A:3C:CE:84:29:84:0A:81:EB:7E:F7:8C:B0:58:D0:23:1D:38', TIMESTAMP '2026-05-04 08:30:00');
INSERT INTO probes (service_id, tool, tls_version, verify_ok, mtls_required, mtls_presented, chain_valid, http_status, observed_fingerprint, captured_at) VALUES ('svc-017', 'httpie', 'TLS1.1', FALSE, TRUE, FALSE, FALSE, 526, '8C:70:7D:36:A5:F7:66:33:84:35:B1:C6:96:9F:FB:72:FD:7F:66:7A:C3:D6:32:86:43:D1:C5:28:1A:B2:BF:FF', TIMESTAMP '2026-05-04 08:30:00');
INSERT INTO probes (service_id, tool, tls_version, verify_ok, mtls_required, mtls_presented, chain_valid, http_status, observed_fingerprint, captured_at) VALUES ('svc-017', 'curl', 'TLS1.1', FALSE, TRUE, FALSE, FALSE, 526, 'FF:68:7C:C2:A1:99:37:4D:50:56:55:F1:62:41:0A:0E:8A:32:AA:73:BA:1D:2D:9B:B6:CA:AC:A9:DB:87:1D:B5', TIMESTAMP '2026-05-11 08:30:00');
INSERT INTO probes (service_id, tool, tls_version, verify_ok, mtls_required, mtls_presented, chain_valid, http_status, observed_fingerprint, captured_at) VALUES ('svc-017', 'curl', 'TLS1.3', TRUE, TRUE, TRUE, TRUE, 200, '4A:89:67:99:2E:72:C6:AE:4C:A2:73:D6:49:48:36:DC:AD:C7:4F:FE:F9:2E:CB:AC:E2:CC:05:80:C8:FD:21:E0', TIMESTAMP '2026-05-28 15:45:00');
INSERT INTO probes (service_id, tool, tls_version, verify_ok, mtls_required, mtls_presented, chain_valid, http_status, observed_fingerprint, captured_at) VALUES ('svc-018', 'httpie', 'TLS1.3', TRUE, FALSE, FALSE, TRUE, 200, '15:32:12:A8:7B:BD:28:CB:3F:24:1F:67:05:61:D6:2B:BA:D1:80:69:68:20:60:EC:00:AD:A9:5D:81:B6:61:43', TIMESTAMP '2026-05-20 15:45:00');
INSERT INTO probes (service_id, tool, tls_version, verify_ok, mtls_required, mtls_presented, chain_valid, http_status, observed_fingerprint, captured_at) VALUES ('svc-018', 'curl', 'TLS1.1', FALSE, FALSE, TRUE, FALSE, 526, 'CE:93:55:9C:C7:BE:24:D1:48:5F:D6:56:77:80:85:EA:61:07:BA:37:88:B5:92:05:88:6F:A1:82:12:74:67:EF', TIMESTAMP '2026-05-04 08:30:00');
INSERT INTO probes (service_id, tool, tls_version, verify_ok, mtls_required, mtls_presented, chain_valid, http_status, observed_fingerprint, captured_at) VALUES ('svc-019', 'httpie', 'TLS1.1', FALSE, TRUE, FALSE, FALSE, 526, '53:51:B1:4E:B9:20:FF:C6:BB:A4:E8:1E:61:C2:C7:AF:D3:C4:54:90:27:F2:90:C7:CC:79:D5:17:25:16:4D:AF', TIMESTAMP '2026-05-04 08:30:00');
INSERT INTO probes (service_id, tool, tls_version, verify_ok, mtls_required, mtls_presented, chain_valid, http_status, observed_fingerprint, captured_at) VALUES ('svc-019', 'curl', 'TLS1.1', FALSE, TRUE, FALSE, FALSE, 526, '7C:64:AC:7B:20:DA:32:4D:AE:7C:A2:3E:29:24:26:B5:5C:37:0D:E9:F9:A5:70:3C:2B:49:AD:32:3A:8C:8D:C6', TIMESTAMP '2026-05-11 08:30:00');
INSERT INTO probes (service_id, tool, tls_version, verify_ok, mtls_required, mtls_presented, chain_valid, http_status, observed_fingerprint, captured_at) VALUES ('svc-019', 'curl', 'TLS1.0', FALSE, TRUE, TRUE, TRUE, 200, '6B:9B:32:D3:5C:14:08:D0:AA:D0:67:5B:0B:05:8B:C4:82:63:8F:BC:22:51:F9:9F:24:10:61:2D:11:E4:D7:DF', TIMESTAMP '2026-05-21 15:45:00');
INSERT INTO probes (service_id, tool, tls_version, verify_ok, mtls_required, mtls_presented, chain_valid, http_status, observed_fingerprint, captured_at) VALUES ('svc-020', 'httpie', 'TLS1.2', TRUE, TRUE, FALSE, TRUE, 200, '09:3F:9D:6E:91:F0:F8:88:52:7E:36:6E:3F:1C:E8:93:0D:13:5E:FB:38:00:77:83:72:FF:18:B2:E2:6C:DD:74', TIMESTAMP '2026-05-22 15:45:00');
INSERT INTO probes (service_id, tool, tls_version, verify_ok, mtls_required, mtls_presented, chain_valid, http_status, observed_fingerprint, captured_at) VALUES ('svc-020', 'curl', 'TLS1.1', FALSE, TRUE, TRUE, FALSE, 526, '87:14:FD:F8:95:67:04:6E:92:A4:EA:9B:EF:2E:7A:3D:1D:1A:89:47:EE:64:D1:E4:23:91:62:E9:E1:D7:EA:31', TIMESTAMP '2026-05-04 08:30:00');
INSERT INTO probes (service_id, tool, tls_version, verify_ok, mtls_required, mtls_presented, chain_valid, http_status, observed_fingerprint, captured_at) VALUES ('svc-021', 'httpie', 'TLS1.1', FALSE, TRUE, FALSE, FALSE, 526, '08:74:33:76:8E:03:CC:E5:52:A9:EC:1F:D6:B7:3E:A3:41:8C:18:6A:6B:0E:82:D5:B1:08:28:0A:DE:37:34:E2', TIMESTAMP '2026-05-04 08:30:00');
INSERT INTO probes (service_id, tool, tls_version, verify_ok, mtls_required, mtls_presented, chain_valid, http_status, observed_fingerprint, captured_at) VALUES ('svc-021', 'curl', 'TLS1.1', FALSE, TRUE, FALSE, FALSE, 526, '88:CC:4E:43:B9:14:8A:B6:CA:85:CE:59:9E:2C:45:93:01:87:BA:D5:36:32:0B:D0:2D:5E:AE:28:F2:B1:8F:1E', TIMESTAMP '2026-05-11 08:30:00');
INSERT INTO probes (service_id, tool, tls_version, verify_ok, mtls_required, mtls_presented, chain_valid, http_status, observed_fingerprint, captured_at) VALUES ('svc-021', 'curl', 'TLS1.0', FALSE, TRUE, TRUE, TRUE, 200, 'A3:D4:9E:4A:D0:C6:78:18:B8:C0:30:35:8E:02:E5:5B:2D:BB:FB:CE:99:8A:8B:9D:2D:D9:31:0A:B4:26:66:8C', TIMESTAMP '2026-05-23 15:45:00');
INSERT INTO probes (service_id, tool, tls_version, verify_ok, mtls_required, mtls_presented, chain_valid, http_status, observed_fingerprint, captured_at) VALUES ('svc-022', 'httpie', 'TLS1.3', TRUE, TRUE, FALSE, TRUE, 200, 'FA:F9:F8:EC:68:73:88:D3:C3:D3:7D:65:C2:9C:17:60:47:8F:CE:21:FD:4F:66:BA:CA:99:2D:5A:21:C7:C9:BA', TIMESTAMP '2026-05-24 15:45:00');
INSERT INTO probes (service_id, tool, tls_version, verify_ok, mtls_required, mtls_presented, chain_valid, http_status, observed_fingerprint, captured_at) VALUES ('svc-022', 'curl', 'TLS1.1', FALSE, TRUE, TRUE, FALSE, 526, 'E3:53:60:FC:13:FA:A2:21:BC:F9:3F:10:FA:47:18:86:90:B2:24:A5:2D:06:2B:9C:E5:FB:43:8A:F4:EB:31:58', TIMESTAMP '2026-05-04 08:30:00');
INSERT INTO probes (service_id, tool, tls_version, verify_ok, mtls_required, mtls_presented, chain_valid, http_status, observed_fingerprint, captured_at) VALUES ('svc-023', 'httpie', 'TLS1.1', FALSE, TRUE, FALSE, FALSE, 526, '7F:F3:9C:9F:86:1F:13:88:8E:73:83:8C:C1:99:AC:5C:E9:CA:66:E0:53:30:90:E2:81:D2:3C:01:0B:10:B9:56', TIMESTAMP '2026-05-04 08:30:00');
INSERT INTO probes (service_id, tool, tls_version, verify_ok, mtls_required, mtls_presented, chain_valid, http_status, observed_fingerprint, captured_at) VALUES ('svc-023', 'curl', 'TLS1.1', FALSE, TRUE, FALSE, FALSE, 526, '5C:CC:C1:88:ED:2E:44:BB:EB:2D:B0:0D:F6:12:C4:AB:69:BC:DA:32:95:FD:B0:3C:8E:F9:91:9F:D3:11:80:42', TIMESTAMP '2026-05-11 08:30:00');
INSERT INTO probes (service_id, tool, tls_version, verify_ok, mtls_required, mtls_presented, chain_valid, http_status, observed_fingerprint, captured_at) VALUES ('svc-023', 'curl', 'TLS1.3', TRUE, TRUE, TRUE, TRUE, 200, '19:54:8A:C3:C3:28:08:38:31:EB:26:F1:32:CD:C7:B4:7E:16:97:F1:0B:37:31:BA:21:09:93:3B:6C:AC:06:AC', TIMESTAMP '2026-05-25 15:45:00');
INSERT INTO probes (service_id, tool, tls_version, verify_ok, mtls_required, mtls_presented, chain_valid, http_status, observed_fingerprint, captured_at) VALUES ('svc-024', 'httpie', 'TLS1.2', TRUE, FALSE, FALSE, TRUE, 200, '02:11:A3:CC:CC:9F:6D:74:E8:F6:4E:66:E2:00:F2:C3:3F:28:2D:F7:79:C7:AA:6A:72:B2:90:34:0B:24:F2:4A', TIMESTAMP '2026-05-26 15:45:00');
INSERT INTO probes (service_id, tool, tls_version, verify_ok, mtls_required, mtls_presented, chain_valid, http_status, observed_fingerprint, captured_at) VALUES ('svc-024', 'curl', 'TLS1.1', FALSE, FALSE, TRUE, FALSE, 526, '60:0D:3D:14:D7:96:02:89:6B:B5:F3:9E:BC:BA:5E:F8:12:E6:FF:89:CF:B4:90:16:97:9F:49:B5:86:DA:7E:4F', TIMESTAMP '2026-05-04 08:30:00');
INSERT INTO probes (service_id, tool, tls_version, verify_ok, mtls_required, mtls_presented, chain_valid, http_status, observed_fingerprint, captured_at) VALUES ('svc-025', 'httpie', 'TLS1.1', FALSE, TRUE, FALSE, FALSE, 526, 'CC:55:C2:E5:1C:31:2E:9B:D5:6F:DB:20:D9:BE:DC:16:47:CA:41:A3:52:18:37:E3:64:30:E8:52:51:26:EB:D4', TIMESTAMP '2026-05-04 08:30:00');
INSERT INTO probes (service_id, tool, tls_version, verify_ok, mtls_required, mtls_presented, chain_valid, http_status, observed_fingerprint, captured_at) VALUES ('svc-025', 'curl', 'TLS1.1', FALSE, TRUE, FALSE, FALSE, 526, '39:19:EE:DE:15:DE:F3:C8:B7:CD:5C:44:FE:08:F3:35:91:D3:DE:AF:E2:76:A9:FB:AC:3E:CE:BD:12:3D:BB:6E', TIMESTAMP '2026-05-11 08:30:00');
INSERT INTO probes (service_id, tool, tls_version, verify_ok, mtls_required, mtls_presented, chain_valid, http_status, observed_fingerprint, captured_at) VALUES ('svc-025', 'curl', 'TLS1.0', FALSE, TRUE, TRUE, TRUE, 200, '6D:9D:D9:BC:B6:94:3E:0E:E7:70:AA:C1:25:EE:26:07:94:09:BF:CA:6E:92:4D:A8:1C:8C:C7:C6:98:D8:EF:4D', TIMESTAMP '2026-05-27 15:45:00');
INSERT INTO probes (service_id, tool, tls_version, verify_ok, mtls_required, mtls_presented, chain_valid, http_status, observed_fingerprint, captured_at) VALUES ('svc-026', 'httpie', 'TLS1.2', TRUE, TRUE, FALSE, TRUE, 200, '3D:E4:0D:40:2E:EF:44:E1:8E:76:D4:74:9B:52:D0:0E:81:8E:78:9A:70:12:FE:E9:FE:B9:50:BF:15:DD:BC:EA', TIMESTAMP '2026-05-28 15:45:00');
INSERT INTO probes (service_id, tool, tls_version, verify_ok, mtls_required, mtls_presented, chain_valid, http_status, observed_fingerprint, captured_at) VALUES ('svc-026', 'curl', 'TLS1.1', FALSE, TRUE, TRUE, FALSE, 526, 'DC:16:E1:B6:7B:66:5E:D7:FC:28:EF:A4:B7:9D:0A:FA:65:F8:62:D5:A3:37:44:C1:8C:D8:09:70:35:49:CA:EB', TIMESTAMP '2026-05-04 08:30:00');
INSERT INTO probes (service_id, tool, tls_version, verify_ok, mtls_required, mtls_presented, chain_valid, http_status, observed_fingerprint, captured_at) VALUES ('svc-027', 'httpie', 'TLS1.1', FALSE, TRUE, FALSE, FALSE, 526, '67:BD:7D:97:F7:42:E7:B6:63:D4:81:69:31:54:DF:4B:87:12:14:6C:63:CF:A6:F6:9D:D6:AD:62:72:CD:B6:52', TIMESTAMP '2026-05-04 08:30:00');
INSERT INTO probes (service_id, tool, tls_version, verify_ok, mtls_required, mtls_presented, chain_valid, http_status, observed_fingerprint, captured_at) VALUES ('svc-027', 'curl', 'TLS1.1', FALSE, TRUE, FALSE, FALSE, 526, '0C:C7:29:2D:72:7E:54:7D:C6:02:92:B2:74:53:8C:BF:51:86:36:B7:08:E9:BC:63:93:99:76:24:8D:5F:9F:47', TIMESTAMP '2026-05-11 08:30:00');
INSERT INTO probes (service_id, tool, tls_version, verify_ok, mtls_required, mtls_presented, chain_valid, http_status, observed_fingerprint, captured_at) VALUES ('svc-027', 'curl', 'TLS1.0', FALSE, TRUE, TRUE, TRUE, 200, '90:5C:61:A7:E4:D4:24:1B:62:6E:65:AC:D9:49:11:45:C0:BA:44:6F:EC:A6:DC:61:DF:35:56:15:B3:61:8F:3E', TIMESTAMP '2026-05-20 15:45:00');
INSERT INTO probes (service_id, tool, tls_version, verify_ok, mtls_required, mtls_presented, chain_valid, http_status, observed_fingerprint, captured_at) VALUES ('svc-028', 'httpie', 'TLS1.0', FALSE, TRUE, TRUE, TRUE, 200, 'DC:DA:39:26:2E:24:73:A7:41:1F:72:FD:56:4F:E7:BB:65:D8:88:C4:47:AF:38:9C:42:C4:34:3B:C0:C4:43:70', TIMESTAMP '2026-05-21 15:45:00');
INSERT INTO probes (service_id, tool, tls_version, verify_ok, mtls_required, mtls_presented, chain_valid, http_status, observed_fingerprint, captured_at) VALUES ('svc-028', 'curl', 'TLS1.1', FALSE, TRUE, FALSE, FALSE, 526, 'E8:15:48:A7:D7:10:DC:EC:1C:58:72:B8:D2:06:2D:14:60:85:5E:82:37:3D:68:B5:FB:AB:1C:05:FB:18:7B:EB', TIMESTAMP '2026-05-04 08:30:00');
INSERT INTO probes (service_id, tool, tls_version, verify_ok, mtls_required, mtls_presented, chain_valid, http_status, observed_fingerprint, captured_at) VALUES ('svc-029', 'httpie', 'TLS1.1', FALSE, TRUE, FALSE, FALSE, 526, 'C3:58:EC:46:B5:CB:D8:C9:FF:50:A3:29:B7:CD:B6:DF:DD:C3:26:2F:75:89:BC:B1:B3:5B:52:2C:60:FE:20:A6', TIMESTAMP '2026-05-04 08:30:00');
INSERT INTO probes (service_id, tool, tls_version, verify_ok, mtls_required, mtls_presented, chain_valid, http_status, observed_fingerprint, captured_at) VALUES ('svc-029', 'curl', 'TLS1.1', FALSE, TRUE, FALSE, FALSE, 526, '1E:2D:3D:9D:61:C8:12:CF:EC:2A:BE:88:8B:06:9E:5E:A0:E5:1C:7C:9D:A3:40:F1:89:A5:13:69:8E:42:C1:0E', TIMESTAMP '2026-05-11 08:30:00');
INSERT INTO probes (service_id, tool, tls_version, verify_ok, mtls_required, mtls_presented, chain_valid, http_status, observed_fingerprint, captured_at) VALUES ('svc-029', 'curl', 'TLS1.0', FALSE, TRUE, TRUE, TRUE, 200, '95:BF:BB:3E:13:95:CD:D5:78:F9:72:65:77:9D:C7:59:5B:56:9A:8A:3A:AD:9A:7C:75:2C:08:16:29:60:0F:89', TIMESTAMP '2026-05-22 15:45:00');
INSERT INTO probes (service_id, tool, tls_version, verify_ok, mtls_required, mtls_presented, chain_valid, http_status, observed_fingerprint, captured_at) VALUES ('svc-030', 'httpie', 'TLS1.0', FALSE, TRUE, TRUE, TRUE, 200, 'A6:88:03:88:01:51:B8:B9:FF:C5:52:64:9B:FD:0F:2A:55:14:17:0E:BB:DC:57:DE:17:14:10:1E:51:EE:DD:D5', TIMESTAMP '2026-05-23 15:45:00');
INSERT INTO probes (service_id, tool, tls_version, verify_ok, mtls_required, mtls_presented, chain_valid, http_status, observed_fingerprint, captured_at) VALUES ('svc-030', 'curl', 'TLS1.1', FALSE, TRUE, FALSE, FALSE, 526, 'F3:68:CE:20:FC:32:EB:D8:87:62:23:DF:B5:9B:99:87:59:4E:6D:A9:BD:BE:95:B9:CD:6F:A8:DC:9E:A0:14:AB', TIMESTAMP '2026-05-04 08:30:00');
INSERT INTO probes (service_id, tool, tls_version, verify_ok, mtls_required, mtls_presented, chain_valid, http_status, observed_fingerprint, captured_at) VALUES ('svc-031', 'httpie', 'TLS1.1', FALSE, TRUE, FALSE, FALSE, 526, '8C:1F:45:57:87:32:12:36:58:4E:1B:DE:7E:AF:02:18:C1:BD:5C:C7:D6:87:89:BB:11:C0:57:69:17:35:AC:45', TIMESTAMP '2026-05-04 08:30:00');
INSERT INTO probes (service_id, tool, tls_version, verify_ok, mtls_required, mtls_presented, chain_valid, http_status, observed_fingerprint, captured_at) VALUES ('svc-031', 'curl', 'TLS1.1', FALSE, TRUE, FALSE, FALSE, 526, '07:AE:D0:22:D2:72:62:28:7E:C8:43:01:C2:40:17:4D:5A:F3:28:C7:05:9B:60:2B:9C:EE:5B:EF:C9:F8:DE:55', TIMESTAMP '2026-05-11 08:30:00');
INSERT INTO probes (service_id, tool, tls_version, verify_ok, mtls_required, mtls_presented, chain_valid, http_status, observed_fingerprint, captured_at) VALUES ('svc-031', 'curl', 'TLS1.3', TRUE, TRUE, TRUE, TRUE, 200, '32:9F:60:D5:46:80:A3:A2:3E:40:B0:83:92:21:E9:DF:76:A5:B4:71:E2:C0:18:E2:28:D2:63:E5:B6:4B:35:1B', TIMESTAMP '2026-05-24 15:45:00');
INSERT INTO probes (service_id, tool, tls_version, verify_ok, mtls_required, mtls_presented, chain_valid, http_status, observed_fingerprint, captured_at) VALUES ('svc-032', 'httpie', 'TLS1.3', TRUE, TRUE, TRUE, FALSE, 200, 'D3:82:9B:9A:D8:70:67:68:C9:2F:F8:41:84:00:26:3C:0E:7D:27:C0:08:33:40:C3:FC:56:11:B1:AC:AB:34:78', TIMESTAMP '2026-05-25 15:45:00');
INSERT INTO probes (service_id, tool, tls_version, verify_ok, mtls_required, mtls_presented, chain_valid, http_status, observed_fingerprint, captured_at) VALUES ('svc-032', 'curl', 'TLS1.1', FALSE, TRUE, FALSE, TRUE, 526, '73:89:1E:14:C2:06:54:EC:D3:EC:05:B0:BF:B4:F4:CC:CB:64:A5:C6:FF:88:73:8F:BD:FE:3A:42:25:F1:53:2A', TIMESTAMP '2026-05-04 08:30:00');
INSERT INTO probes (service_id, tool, tls_version, verify_ok, mtls_required, mtls_presented, chain_valid, http_status, observed_fingerprint, captured_at) VALUES ('svc-033', 'httpie', 'TLS1.1', FALSE, FALSE, TRUE, FALSE, 526, '0C:F2:DA:A6:F4:9D:BA:6D:CE:2D:4C:4B:C9:B1:D9:BF:64:F0:B3:CA:37:B3:55:25:C4:DA:58:AE:6D:68:58:1A', TIMESTAMP '2026-05-04 08:30:00');
INSERT INTO probes (service_id, tool, tls_version, verify_ok, mtls_required, mtls_presented, chain_valid, http_status, observed_fingerprint, captured_at) VALUES ('svc-033', 'curl', 'TLS1.1', FALSE, FALSE, TRUE, FALSE, 526, '1F:81:DD:DD:E8:60:ED:D5:91:AC:D0:C9:A4:93:EA:A1:1F:E5:28:81:93:A3:3F:8E:8D:6E:23:AA:43:A4:7C:82', TIMESTAMP '2026-05-11 08:30:00');
INSERT INTO probes (service_id, tool, tls_version, verify_ok, mtls_required, mtls_presented, chain_valid, http_status, observed_fingerprint, captured_at) VALUES ('svc-033', 'curl', 'TLS1.0', FALSE, FALSE, FALSE, TRUE, 200, '09:15:23:7B:46:6E:3F:76:48:53:49:8D:36:A2:1C:E9:24:4F:DF:9C:A4:E0:6E:80:FC:E0:28:E0:56:A8:8D:92', TIMESTAMP '2026-05-26 15:45:00');

