-- generated by tests/corpus.py; do not edit by hand

INSERT INTO objects (object_id, bucket, declared_digest, digest_algo, blob_path, size_bytes, created_at) VALUES ('obj-0001', 'prod', '1b3b89587cc8c0a5aedf4e6fd1c2c09959a42d1f3540a696f2f74c76f6ec9991', 'sha256', 'blobs/obj-0001.bin', 250, '2026-01-10 00:15:00');
INSERT INTO objects (object_id, bucket, declared_digest, digest_algo, blob_path, size_bytes, created_at) VALUES ('obj-0002', 'prod', '87c99e1d6f8071a01c0a28757ad77032afbfbd191b5a4c99d6eb938d2e22bfcc', 'sha256', 'blobs/obj-0002.bin', 263, '2026-02-11 01:15:00');
INSERT INTO objects (object_id, bucket, declared_digest, digest_algo, blob_path, size_bytes, created_at) VALUES ('obj-0003', 'prod', 'ae505b931cd2aefca88a58c721a17360c487245d5dd0e8b29426d2fb85818c18', 'sha256', 'blobs/obj-0003.bin', 276, '2026-03-12 02:15:00');
INSERT INTO objects (object_id, bucket, declared_digest, digest_algo, blob_path, size_bytes, created_at) VALUES ('obj-0004', 'prod', 'da84a0f859297c09e6e7667f0616ae91b01d4a1fc721a66b72755eb652139293', 'sha256', 'blobs/obj-0004.bin', 289, '2026-04-13 03:15:00');
INSERT INTO objects (object_id, bucket, declared_digest, digest_algo, blob_path, size_bytes, created_at) VALUES ('obj-0005', 'prod', 'bad2d4638d3de399b1104440b202a3d3638a5aaea82d3928b43430f3b85711c4', 'sha256', 'blobs/obj-0005.bin', 302, '2026-05-14 04:15:00');
INSERT INTO objects (object_id, bucket, declared_digest, digest_algo, blob_path, size_bytes, created_at) VALUES ('obj-0006', 'prod', '18ec34a43f15f92dcff5acce2fecc13117a5fbc30946dc2c832dabde09f7fbaa', 'sha256', 'blobs/obj-0006.bin', 315, '2026-06-15 05:15:00');
INSERT INTO objects (object_id, bucket, declared_digest, digest_algo, blob_path, size_bytes, created_at) VALUES ('obj-0007', 'prod', '72c6f7bdfaab89b01cc34e6e9df98e5690c02609de3dcb961bb932e3a8c139ae', 'sha256', 'blobs/obj-0007.bin', 328, '2026-07-16 06:15:00');
INSERT INTO objects (object_id, bucket, declared_digest, digest_algo, blob_path, size_bytes, created_at) VALUES ('obj-0008', 'prod', '7965e76c5497a47a8033a95b1494445c7e06d422f2758f13b616ac5aa65257ef', 'sha256', 'blobs/obj-0008.bin', 341, '2026-08-17 07:15:00');
INSERT INTO objects (object_id, bucket, declared_digest, digest_algo, blob_path, size_bytes, created_at) VALUES ('obj-0009', 'prod', '0000000000000000000000000000000000000000000000000000000000000000', 'sha256', 'blobs/obj-0009.bin', 317, '2026-09-18 08:15:00');
INSERT INTO objects (object_id, bucket, declared_digest, digest_algo, blob_path, size_bytes, created_at) VALUES ('obj-0010', 'prod', '1111111111111111111111111111111111111111111111111111111111111111', 'sha256', 'blobs/obj-0010.bin', 197, '2026-01-10 00:15:00');
INSERT INTO objects (object_id, bucket, declared_digest, digest_algo, blob_path, size_bytes, created_at) VALUES ('obj-0011', 'archive', '958ece3ac109d1ffd620ee00026df2d59f162f7cbe7c23396b6796e960b49523', 'sha256', 'blobs/obj-0011.bin', 277, '2026-02-11 01:15:00');
INSERT INTO objects (object_id, bucket, declared_digest, digest_algo, blob_path, size_bytes, created_at) VALUES ('obj-0012', 'archive', 'db55329ab903b94e3d842587bf9f6c5c1c053eb5ec04f77037132e748db2d8cf', 'sha256', 'blobs/obj-0012.bin', 157, '2026-03-12 02:15:00');
INSERT INTO objects (object_id, bucket, declared_digest, digest_algo, blob_path, size_bytes, created_at) VALUES ('obj-0013', 'archive', '14da6104824980f5259ecdc48070f313d01502ff', 'sha1', 'blobs/obj-0013.bin', 217, '2026-04-13 03:15:00');
INSERT INTO objects (object_id, bucket, declared_digest, digest_algo, blob_path, size_bytes, created_at) VALUES ('obj-0014', 'prod', '9856651626c370222828a4e2044cacf8b86f9ac72a008bfe3ede91e5b5bba66f', 'sha256', 'blobs/obj-0014.bin', 227, '2026-05-14 04:15:00');

INSERT INTO object_chunks (object_id, ordinal, chunk_path, size_bytes) VALUES ('obj-0001', 0, 'chunks/obj-0001.000', 250);
INSERT INTO object_chunks (object_id, ordinal, chunk_path, size_bytes) VALUES ('obj-0002', 0, 'chunks/obj-0002.000', 263);
INSERT INTO object_chunks (object_id, ordinal, chunk_path, size_bytes) VALUES ('obj-0003', 0, 'chunks/obj-0003.000', 276);
INSERT INTO object_chunks (object_id, ordinal, chunk_path, size_bytes) VALUES ('obj-0004', 0, 'chunks/obj-0004.000', 289);
INSERT INTO object_chunks (object_id, ordinal, chunk_path, size_bytes) VALUES ('obj-0005', 0, 'chunks/obj-0005.000', 302);
INSERT INTO object_chunks (object_id, ordinal, chunk_path, size_bytes) VALUES ('obj-0006', 0, 'chunks/obj-0006.000', 315);
INSERT INTO object_chunks (object_id, ordinal, chunk_path, size_bytes) VALUES ('obj-0007', 0, 'chunks/obj-0007.000', 328);
INSERT INTO object_chunks (object_id, ordinal, chunk_path, size_bytes) VALUES ('obj-0008', 0, 'chunks/obj-0008.000', 341);
INSERT INTO object_chunks (object_id, ordinal, chunk_path, size_bytes) VALUES ('obj-0009', 0, 'chunks/obj-0009.000', 317);
INSERT INTO object_chunks (object_id, ordinal, chunk_path, size_bytes) VALUES ('obj-0010', 0, 'chunks/obj-0010.000', 197);
INSERT INTO object_chunks (object_id, ordinal, chunk_path, size_bytes) VALUES ('obj-0013', 0, 'chunks/obj-0013.000', 217);
INSERT INTO object_chunks (object_id, ordinal, chunk_path, size_bytes) VALUES ('obj-0014', 0, 'chunks/obj-0014.000', 227);

INSERT INTO attestation_cache (object_id, status, digest, verified_at) VALUES ('obj-0001', 'verified', '1b3b89587cc8c0a5aedf4e6fd1c2c09959a42d1f3540a696f2f74c76f6ec9991', '2026-01-10 00:15:00');
INSERT INTO attestation_cache (object_id, status, digest, verified_at) VALUES ('obj-0002', 'verified', '87c99e1d6f8071a01c0a28757ad77032afbfbd191b5a4c99d6eb938d2e22bfcc', '2026-02-11 01:15:00');
INSERT INTO attestation_cache (object_id, status, digest, verified_at) VALUES ('obj-0003', 'verified', 'ae505b931cd2aefca88a58c721a17360c487245d5dd0e8b29426d2fb85818c18', '2026-03-12 02:15:00');
INSERT INTO attestation_cache (object_id, status, digest, verified_at) VALUES ('obj-0004', 'verified', 'da84a0f859297c09e6e7667f0616ae91b01d4a1fc721a66b72755eb652139293', '2026-04-13 03:15:00');
INSERT INTO attestation_cache (object_id, status, digest, verified_at) VALUES ('obj-0005', 'verified', 'bad2d4638d3de399b1104440b202a3d3638a5aaea82d3928b43430f3b85711c4', '2026-05-14 04:15:00');
INSERT INTO attestation_cache (object_id, status, digest, verified_at) VALUES ('obj-0006', 'verified', '18ec34a43f15f92dcff5acce2fecc13117a5fbc30946dc2c832dabde09f7fbaa', '2026-06-15 05:15:00');
INSERT INTO attestation_cache (object_id, status, digest, verified_at) VALUES ('obj-0007', 'verified', '72c6f7bdfaab89b01cc34e6e9df98e5690c02609de3dcb961bb932e3a8c139ae', '2026-07-16 06:15:00');
INSERT INTO attestation_cache (object_id, status, digest, verified_at) VALUES ('obj-0008', 'verified', '7965e76c5497a47a8033a95b1494445c7e06d422f2758f13b616ac5aa65257ef', '2026-08-17 07:15:00');
INSERT INTO attestation_cache (object_id, status, digest, verified_at) VALUES ('obj-0009', 'verified', '0000000000000000000000000000000000000000000000000000000000000000', '2026-09-18 08:15:00');
INSERT INTO attestation_cache (object_id, status, digest, verified_at) VALUES ('obj-0010', 'failed', NULL, '2026-01-10 00:15:00');
INSERT INTO attestation_cache (object_id, status, digest, verified_at) VALUES ('obj-0011', 'verified', '958ece3ac109d1ffd620ee00026df2d59f162f7cbe7c23396b6796e960b49523', '2026-02-11 01:15:00');
INSERT INTO attestation_cache (object_id, status, digest, verified_at) VALUES ('obj-0012', 'verified', 'db55329ab903b94e3d842587bf9f6c5c1c053eb5ec04f77037132e748db2d8cf', '2026-03-12 02:15:00');
INSERT INTO attestation_cache (object_id, status, digest, verified_at) VALUES ('obj-0013', 'verified', '14da6104824980f5259ecdc48070f313d01502ff', '2026-04-13 03:15:00');
INSERT INTO attestation_cache (object_id, status, digest, verified_at) VALUES ('obj-0014', 'verified', '9856651626c370222828a4e2044cacf8b86f9ac72a008bfe3ede91e5b5bba66f', '2026-05-14 04:15:00');
